Producto,Precio
"HD SSD 240GB LEXAR NQ100 SATA lll 2.5""",16.88610
HD SSD 240GB ADATA SU650 ULTIMATE,17.28815
"HD SSD 240GB KINGSTON A400 SATA III 2.5""",17.58899
Disco Solido M2 2280 128gb Notebook Hp 240 G7 Pc,8998
Disco Estado Solido Ssd 240gb Lexar Nq100 2.5in Notebook Pc Color Negro,15945
Disco Solido Ssd 240 Gb Sata Hiksemi Neo,17869
Disco Ssd Netac Sa500 2.5 Sata3 120gb," 9932
"
Disco Ssd Patriot Burst Elite Solid 120gb Sata3 Pe000775," 10057
"
Disco Ssd Netac N930e Pro Pcle 3x4 M.2 2280 Nvme 3d Nand 128gb," 10591
"
